DELETE FROM TEMPS_TRAJET
DELETE FROM VOYAGE
DELETE FROM TRANSFERT
DELETE FROM REVISION
DELETE FROM QUAI
DELETE FROM NAVETTE
DELETE FROM ADMINISTRATEUR
DELETE FROM CONDUCTEUR
DELETE FROM MECANICIEN
DELETE FROM USAGER
DELETE FROM STATION
INSERT INTO ADMINISTRATEUR (ID, DATE_CREATION, LOGIN, MOT_DE_PASSE, NOM, PRENOM) VALUES (100, CURRENT_TIMESTAMP, 'adminl', 'admin', 'UZAN', 'Lucas')
INSERT INTO ADMINISTRATEUR (ID, DATE_CREATION, LOGIN, MOT_DE_PASSE, NOM, PRENOM) VALUES (101 , CURRENT_TIMESTAMP, 'adminm', 'admin', 'HENTATI', 'Mahdi')
INSERT INTO ADMINISTRATEUR (ID, DATE_CREATION, LOGIN, MOT_DE_PASSE, NOM, PRENOM) VALUES (102 , CURRENT_TIMESTAMP, 'adminp', 'admin', 'ROQUES-GEOFFROY', 'Philippe')
INSERT INTO CONDUCTEUR (ID, DATE_CREATION, LOGIN, MOT_DE_PASSE, NOM, PRENOM) VALUES (100 , CURRENT_TIMESTAMP, 'conducl', 'conduc', 'UZAN', 'Lucas')
INSERT INTO CONDUCTEUR (ID, DATE_CREATION, LOGIN, MOT_DE_PASSE, NOM, PRENOM) VALUES (101 , CURRENT_TIMESTAMP, 'conducm', 'conduc', 'HENTATI', 'Mahdi')
INSERT INTO CONDUCTEUR (ID, DATE_CREATION, LOGIN, MOT_DE_PASSE, NOM, PRENOM) VALUES (102 , CURRENT_TIMESTAMP, 'conducp', 'conduc', 'ROQUES-GEOFFROY', 'Philippe')
INSERT INTO MECANICIEN (ID, DATE_CREATION, LOGIN, MOT_DE_PASSE, NOM, PRENOM) VALUES (100 , CURRENT_TIMESTAMP, 'mecanol', 'mecano', 'UZAN', 'Lucas')
INSERT INTO MECANICIEN (ID, DATE_CREATION, LOGIN, MOT_DE_PASSE, NOM, PRENOM) VALUES (101 , CURRENT_TIMESTAMP, 'mecanom', 'mecano', 'HENTATI', 'Mahdi')
INSERT INTO MECANICIEN (ID, DATE_CREATION, LOGIN, MOT_DE_PASSE, NOM, PRENOM) VALUES (102 , CURRENT_TIMESTAMP, 'mecanop', 'mecano', 'ROQUES-GEOFFROY', 'Philippe')
INSERT INTO STATION (ID, LOCALISATION, NOM, NOMBRE_QUAIS) VALUES (100 ,'sol.d', 'Terre', 15)
INSERT INTO STATION (ID, LOCALISATION, NOM, NOMBRE_QUAIS) VALUES (101 ,'pegasi.b', 'Dimidium', 15)
INSERT INTO STATION (ID, LOCALISATION, NOM, NOMBRE_QUAIS) VALUES (102 ,'delphini.b', 'Arion', 15)
INSERT INTO STATION (ID, LOCALISATION, NOM, NOMBRE_QUAIS) VALUES (103 ,'cancri.c', 'Brahe', 15)
INSERT INTO STATION (ID, LOCALISATION, NOM, NOMBRE_QUAIS) VALUES (104 ,'epsilonTauri.b', 'Amateru', 15)
INSERT INTO STATION (ID, LOCALISATION, NOM, NOMBRE_QUAIS) VALUES (105,'gammaCepheiA.b', 'Tadmor', 15)
INSERT INTO TEMPS_TRAJET (ID, ID_STATION_DEPART, ID_STATION_ARRIVEE, TEMPS) VALUES (100, 100, 101, 2)
INSERT INTO TEMPS_TRAJET (ID, ID_STATION_DEPART, ID_STATION_ARRIVEE, TEMPS) VALUES (101, 100, 102, 6)
INSERT INTO TEMPS_TRAJET (ID, ID_STATION_DEPART, ID_STATION_ARRIVEE, TEMPS) VALUES (102, 100, 103, 2)
INSERT INTO TEMPS_TRAJET (ID, ID_STATION_DEPART, ID_STATION_ARRIVEE, TEMPS) VALUES (103, 100, 104, 4)
INSERT INTO TEMPS_TRAJET (ID, ID_STATION_DEPART, ID_STATION_ARRIVEE, TEMPS) VALUES (104, 100, 105, 2)
INSERT INTO TEMPS_TRAJET (ID, ID_STATION_DEPART, ID_STATION_ARRIVEE, TEMPS) VALUES (105, 101, 100, 2)
INSERT INTO TEMPS_TRAJET (ID, ID_STATION_DEPART, ID_STATION_ARRIVEE, TEMPS) VALUES (106, 101, 102, 6)
INSERT INTO TEMPS_TRAJET (ID, ID_STATION_DEPART, ID_STATION_ARRIVEE, TEMPS) VALUES (107, 101, 103, 4)
INSERT INTO TEMPS_TRAJET (ID, ID_STATION_DEPART, ID_STATION_ARRIVEE, TEMPS) VALUES (108, 101, 104, 6)
INSERT INTO TEMPS_TRAJET (ID, ID_STATION_DEPART, ID_STATION_ARRIVEE, TEMPS) VALUES (109, 101, 105, 4)
INSERT INTO TEMPS_TRAJET (ID, ID_STATION_DEPART, ID_STATION_ARRIVEE, TEMPS) VALUES (110, 102, 100, 6)
INSERT INTO TEMPS_TRAJET (ID, ID_STATION_DEPART, ID_STATION_ARRIVEE, TEMPS) VALUES (111, 102, 101, 6)
INSERT INTO TEMPS_TRAJET (ID, ID_STATION_DEPART, ID_STATION_ARRIVEE, TEMPS) VALUES (112, 102, 103, 6)
INSERT INTO TEMPS_TRAJET (ID, ID_STATION_DEPART, ID_STATION_ARRIVEE, TEMPS) VALUES (113, 102, 104, 8)
INSERT INTO TEMPS_TRAJET (ID, ID_STATION_DEPART, ID_STATION_ARRIVEE, TEMPS) VALUES (114, 102, 105, 6)
INSERT INTO TEMPS_TRAJET (ID, ID_STATION_DEPART, ID_STATION_ARRIVEE, TEMPS) VALUES (115, 103, 100, 2)
INSERT INTO TEMPS_TRAJET (ID, ID_STATION_DEPART, ID_STATION_ARRIVEE, TEMPS) VALUES (116, 103, 101, 4)
INSERT INTO TEMPS_TRAJET (ID, ID_STATION_DEPART, ID_STATION_ARRIVEE, TEMPS) VALUES (117, 103, 102, 6)
INSERT INTO TEMPS_TRAJET (ID, ID_STATION_DEPART, ID_STATION_ARRIVEE, TEMPS) VALUES (118, 103, 104, 4)
INSERT INTO TEMPS_TRAJET (ID, ID_STATION_DEPART, ID_STATION_ARRIVEE, TEMPS) VALUES (119, 103, 105, 2)
INSERT INTO TEMPS_TRAJET (ID, ID_STATION_DEPART, ID_STATION_ARRIVEE, TEMPS) VALUES (120, 104, 100, 4)
INSERT INTO TEMPS_TRAJET (ID, ID_STATION_DEPART, ID_STATION_ARRIVEE, TEMPS) VALUES (121, 104, 101, 6)
INSERT INTO TEMPS_TRAJET (ID, ID_STATION_DEPART, ID_STATION_ARRIVEE, TEMPS) VALUES (122, 104, 102, 8)
INSERT INTO TEMPS_TRAJET (ID, ID_STATION_DEPART, ID_STATION_ARRIVEE, TEMPS) VALUES (123, 104, 103, 4)
INSERT INTO TEMPS_TRAJET (ID, ID_STATION_DEPART, ID_STATION_ARRIVEE, TEMPS) VALUES (124, 104, 105, 2)
INSERT INTO TEMPS_TRAJET (ID, ID_STATION_DEPART, ID_STATION_ARRIVEE, TEMPS) VALUES (125, 105, 100, 2)
INSERT INTO TEMPS_TRAJET (ID, ID_STATION_DEPART, ID_STATION_ARRIVEE, TEMPS) VALUES (126, 105, 101, 4)
INSERT INTO TEMPS_TRAJET (ID, ID_STATION_DEPART, ID_STATION_ARRIVEE, TEMPS) VALUES (127, 105, 102, 6)
INSERT INTO TEMPS_TRAJET (ID, ID_STATION_DEPART, ID_STATION_ARRIVEE, TEMPS) VALUES (128, 105, 103, 2)
INSERT INTO TEMPS_TRAJET (ID, ID_STATION_DEPART, ID_STATION_ARRIVEE, TEMPS) VALUES (129, 105, 104, 2)
INSERT INTO NAVETTE (ID, NBPLACES, NBVOYAGES) VALUES (100, 5, 3)
INSERT INTO NAVETTE (ID, NBPLACES, NBVOYAGES) VALUES (101, 5, 3)
INSERT INTO NAVETTE (ID, NBPLACES, NBVOYAGES) VALUES (102, 5, 3)
INSERT INTO NAVETTE (ID, NBPLACES, NBVOYAGES) VALUES (103, 3, 0)
INSERT INTO NAVETTE (ID, NBPLACES, NBVOYAGES) VALUES (104, 3, 0)
INSERT INTO NAVETTE (ID, NBPLACES, NBVOYAGES) VALUES (105, 3, 0)
INSERT INTO QUAI (ID, ID_STATION, ID_NAVETTE) VALUES (100, 100, NULL)
INSERT INTO QUAI (ID, ID_STATION, ID_NAVETTE) VALUES (101, 101, NULL)
INSERT INTO QUAI (ID, ID_STATION, ID_NAVETTE) VALUES (102, 102, NULL)
INSERT INTO QUAI (ID, ID_STATION, ID_NAVETTE) VALUES (103, 100, 103)
INSERT INTO QUAI (ID, ID_STATION, ID_NAVETTE) VALUES (104, 100, 104)
INSERT INTO QUAI (ID, ID_STATION, ID_NAVETTE) VALUES (105, 100, 105)
INSERT INTO REVISION (ID, DATE_CREATION, STATUT, ID_MECANICIEN, ID_NAVETTE, ID_QUAI) VALUES (100, TIMESTAMP('2018-01-24 08:00:00'), 'Disponible', 100, 100, 100)
INSERT INTO REVISION (ID, DATE_CREATION, STATUT, ID_MECANICIEN, ID_NAVETTE, ID_QUAI) VALUES (101, TIMESTAMP('2018-01-24 08:00:00'), 'Disponible', 101, 101, 101)
INSERT INTO REVISION (ID, DATE_CREATION, STATUT, ID_MECANICIEN, ID_NAVETTE, ID_QUAI) VALUES (102, TIMESTAMP('2018-01-24 08:00:00'), 'Disponible', 102, 102, 102)
INSERT INTO REVISION (ID, DATE_CREATION, STATUT, ID_NAVETTE, ID_QUAI) VALUES (103, CURRENT_TIMESTAMP, 'révision nécessaire', 103, 103)
INSERT INTO REVISION (ID, DATE_CREATION, STATUT, ID_NAVETTE, ID_QUAI) VALUES (104, CURRENT_TIMESTAMP, 'révision nécessaire', 104, 104)
INSERT INTO REVISION (ID, DATE_CREATION, STATUT, ID_NAVETTE, ID_QUAI) VALUES (105, CURRENT_TIMESTAMP, 'révision nécessaire', 105, 105)
INSERT INTO TRANSFERT (ID, DATE_ARRIVEE, DATE_CREATION, DATE_DEPART, NOMBRE_PASSAGERS, STATUT, ID_CONDUCTEUR, ID_NAVETTE, ID_QUAI_ARRIVE, ID_QUAI_DEPART) VALUES (100, DATE('2018-09-24'), CURRENT_TIMESTAMP, DATE('2018-09-22'), 5, 'transfert initié', 100, 100, 101, 100)
INSERT INTO USAGER (ID, DATE_CREATION, LOGIN, MOT_DE_PASSE, NOM, PRENOM) VALUES (100 , CURRENT_TIMESTAMP, 'usagerl', 'usager', 'UZAN', 'Lucas')
INSERT INTO USAGER (ID, DATE_CREATION, LOGIN, MOT_DE_PASSE, NOM, PRENOM) VALUES (101 , CURRENT_TIMESTAMP, 'usagerm', 'usager', 'HENTATI', 'Mahdi')
INSERT INTO USAGER (ID, DATE_CREATION, LOGIN, MOT_DE_PASSE, NOM, PRENOM) VALUES (102 , CURRENT_TIMESTAMP, 'usagerp', 'usager', 'ROQUES-GEOFFROY', 'Philippe')
INSERT INTO VOYAGE (ID, DATE_ARRIVEE, DATE_CREATION, DATE_DEPART, NOMBRE_PASSAGERS, STATUT, ID_NAVETTE, ID_QUAI_ARRIVE, ID_QUAI_DEPART, ID_USAGER) VALUES (100, DATE('2018-09-24'), CURRENT_TIMESTAMP, DATE('2018-09-22'), 5, 'voyage initié', 100, 101, 100, 100)
INSERT INTO VOYAGE (ID, DATE_ARRIVEE, DATE_CREATION, DATE_DEPART, NOMBRE_PASSAGERS, STATUT, ID_NAVETTE, ID_QUAI_ARRIVE, ID_QUAI_DEPART, ID_USAGER) VALUES (101, DATE('2018-09-24'), CURRENT_TIMESTAMP, DATE('2018-09-22'), 5, 'voyage initié', 101, 100, 101, 101)